id,cost1,cost2
2,20347.00956,5191.4501953
22,587.8080078,5152.4301758
24,3217.259626,6218.8100586
45,134040.5484,6319.6899414
46,61387.51269,8345.9101563
66,22913.64357,7052.5800781
67,42481.32072,12513.9003906
68,104741.0726,10112.5
89,151134.3989,11683.4003906
90,58057.60229,20296.5996094
91,15377.98539,9980.4501953
92,33474.79148,11845.2001953
110,76326.34496,14506.2001953
111,324236.8515,59450.1015625
112,93623.44605,68727.6015625
133,160304.5006,73315.5
134,162379.7632,25346.1992188
135,36699.08492,62243.8984375
136,31872.44247,40520.5
154,95718.25441,69509.8984375
155,216506.3509,16921.8007813
156,162379.7632,23943.5
157,196315.7281,299951
158,22871.93179,314287
176,22682.42243,30197.9003906
177,216506.3509,68621.8984375
178,162379.7632,38593.1992188
179,216506.351,251137
180,157111.9292,38089
181,48051.08264,135753
198,162316.4483,56245
199,162379.7632,60670.5
200,162379.7632,28981.0996094
201,162379.7632,219900
202,162379.7632,34477.1015625
203,23007.12425,33094.8984375
220,83701.18992,41169.8984375
221,216506.3509,20622
222,162379.7632,67441.5
223,216506.3509,42627.3007813
224,162379.7632,120131
225,216506.3509,36741
226,30772.49915,704757
239,19.06668945,165181
242,160425.0375,47392.1015625
243,162379.7632,224159
244,162379.7632,87811
245,162379.7632,56564.1015625
246,162379.7632,88957.296875
247,162379.7632,316216
248,75362.40374,56442.6015625
259,29291.21382,9164.9404297
261,50855.78688,450577
264,4331.571411,76724.6015625
265,324759.5264,13385.9003906
266,324759.5264,45205.8984375
267,324759.5264,173228
268,324759.5264,446178
269,324759.5264,32283.0996094
270,324759.5264,235787
281,3323.419785,12190.4003906
283,52746.67965,23700.9003906
284,115990.0655,16777.9003906
286,144319.6232,43263.8984375
287,162379.7632,19180.6992188
288,162379.7632,21493.5996094
289,162379.7632,46519.1992188
290,162379.7632,30050
291,162379.7632,74634.8984375
292,146409.5817,364602
293,5070.470852,810557
303,115747.0378,18821.5996094
305,162379.7632,912855
306,51707.3463,314935
308,8539.884399,88227
309,216506.3509,18227.0996094
310,162379.7632,65965.1015625
311,216506.3509,345235
312,162379.7632,12983.2998047
313,216506.3509,170823
314,162379.7632,70602.5
315,271529.6374,94960.796875
316,16994.41843,501795
322,5154.155706,55878.8984375
323,64260.03896,11071.9003906
325,105905.3531,34222.6015625
326,246049.5582,115623
327,188028.5393,20315.5996094
328,159642.1539,15296.4003906
329,497.9703516,25025
330,139357.538,78772.703125
331,162379.7632,202338
332,324759.5264,213078
333,162379.7632,16432.4003906
334,162379.7632,104997
335,162379.7632,36938.1015625
336,162379.7632,366525
337,145503.6567,3698990
338,2909.947266,99705.703125
342,11582.71075,33506.6015625
343,97954.26215,29229.5996094
344,38463.73463,815179
345,104910.4764,15580.9003906
346,61815.90505,41366
347,216506.3509,55460.8984375
348,153251.7913,134512
349,162379.7632,191842
350,147695.6581,96962.5
352,6876.910015,35206.6992188
353,216506.3509,32259.4003906
354,324759.5264,15248.5996094
355,216506.3509,15203
356,162379.7632,13500.0996094
357,216506.3509,104134
358,162379.7632,263741
359,216506.3509,128791
360,116549.4092,452971
363,695.5668994,53151.3984375
364,79643.95374,82991.296875
365,171022.265,333060
366,156466.9326,39835
367,203517.4911,34582.3984375
368,170042.6911,1544070
369,324759.5264,42567.6992188
370,162379.7632,24687.6992188
371,216506.3509,84174
372,162379.7632,106210
373,118531.7831,11520.4003906
374,112359.9874,13649.7001953
375,216506.3509,64790.3007813
376,324759.5264,12337.2998047
377,162379.7632,7243.5800781
378,216506.3509,46225.3007813
379,162379.7632,47363.1992188
380,162379.7632,160016
381,162379.7632,656359
382,140855.6161,92689.5
383,42439.76202,145644
384,18106.87319,47517.5
385,74300.59244,19063.0996094
386,81844.70549,301828
387,162379.7632,140980
388,162379.7632,203550
389,162379.7632,657372
390,162379.7632,36031.3984375
391,162379.7632,90880.6015625
392,162379.7632,22612.3007813
393,162379.7632,109880
394,162379.7632,24428.8007813
397,216506.3509,13941.5996094
398,649519.0528,10205.2001953
399,216506.3509,7436.8100586
400,162379.7632,10173.2001953
401,216506.3509,14094.5
402,162379.7632,168774
403,216506.3509,39859.8007813
404,162379.7632,28096.8007813
405,204355.9578,59918.1992188
406,131760.1188,98529.3984375
407,116804.4102,160271
408,162379.7632,61177
409,216506.3509,72467.703125
410,162379.7632,256701
411,216506.3509,32344.4003906
412,162379.7632,95525
413,216506.3509,821839
414,162379.7632,80567.3984375
415,216506.3509,415117
416,162379.7632,28683
417,232265.1851,80072.8984375
418,73990.06468,7828.3901367
419,324759.5264,11945.0996094
420,162379.7632,5981.1401367
421,216506.3509,5893.8999023
422,324759.5264,9239.8701172
423,216506.3509,1119200
424,162379.7632,378168
425,216506.3509,123383
426,162379.7632,51967.6992188
427,216506.3509,82334
428,162379.7632,90218.703125
429,216506.3509,319259
430,162379.7632,115200
431,216506.3509,211776
432,162379.7632,142543
433,216506.3509,95226.1015625
434,162379.7632,28713.8007813
435,216506.3509,139293
436,162379.7632,231015
437,216506.3509,33713.5
438,162379.7632,67686.3984375
441,213058.1754,7192.2299805
442,324759.5264,6472.2797852
443,162379.7632,7181.1601563
444,324759.5264,7448.3999023
445,162379.7632,22918.4003906
446,162379.7632,103247
447,162379.7632,19571.4003906
448,162379.7632,3002130
449,162379.7632,132706
450,162379.7632,135469
451,162379.7632,261316
452,162379.7632,41951.3007813
453,162379.7632,165364
454,162379.7632,69912.203125
455,162379.7632,816351
456,162379.7632,243450
457,162379.7632,27515.1992188
458,162379.7632,381844
459,162379.7632,54875.3007813
460,162379.7632,19524.9003906
461,86246.25281,31498.1992188
462,64622.59429,5096
463,324759.5264,5894.7797852
464,324759.5264,6500.3999023
465,324759.5264,11954.7001953
466,324759.5264,9970.1904297
467,324759.5264,32620.5996094
468,324759.5264,22383.6992188
469,324759.5264,18173.8007813
470,324759.5264,187303
471,324759.5264,96529
472,324759.5264,430115
473,324759.5264,732845
474,324759.5264,38938.1992188
475,324759.5264,320493
476,324759.5264,60938
477,324759.5264,70217.1015625
478,324759.5264,102328
479,324759.5264,96076
480,324759.5264,116794
481,324759.5264,39960.8007813
482,307575.9309,71111.203125
485,195394.6595,4584.3901367
486,216506.3509,5477.5400391
487,216506.3509,14642.2001953
488,324759.5264,20949.4003906
489,216506.3509,27120.9003906
490,162379.7632,33884.8007813
491,216506.3509,8571.4501953
492,162379.7632,182586
493,216506.3509,35267.6992188
494,162379.7632,85603.1015625
495,216506.3509,45776.3984375
496,162379.7632,40055400
497,216506.3509,329835
498,162379.7632,56078.8984375
499,216506.3509,39742.1015625
500,162379.7632,389282
501,216506.3509,24732.1992188
502,162379.7632,18800.5996094
503,216506.3509,22720
504,162379.7632,90220.5
505,5709.982936,14569.7001953
507,216506.3509,4908.5
508,162379.7632,10360.0996094
509,162379.7632,504870
510,216506.3509,37612.3007813
511,162379.7632,73569.5
512,162379.7632,22622
513,162379.7632,11928.4003906
514,162379.7632,62342.3007813
515,162379.7632,235677
516,162379.7632,48368.3984375
517,162379.7632,63669.3984375
518,162379.7632,55013.3984375
519,162379.7632,45867.8984375
520,162379.7632,2392140
521,162379.7632,117833
522,162379.7632,13105.0996094
523,162379.7632,81671.1015625
524,162379.7632,30305.9003906
525,162379.7632,32708
526,114532.1993,15700.7001953
529,96350.67301,4611
530,162379.7632,7834.8999023
531,216506.3509,78354.5
532,324759.5264,26220
533,216506.3509,26949.4003906
534,162379.7632,23681.0996094
535,216506.3509,10601.5996094
536,162379.7632,32079.3007813
537,216506.3509,78464.8984375
538,162379.7632,95682.1015625
539,216506.3509,23373.5996094
540,162379.7632,183276
541,216506.3509,19102.1992188
542,162379.7632,67374.3984375
543,216506.3509,87157.796875
544,162379.7632,129381
545,216506.3509,45568.6992188
546,162379.7632,19199
547,324759.5264,104944
548,162379.7632,171185
549,23930.93394,329961
551,162379.7632,7058.0200195
552,162379.7632,16483.3007813
553,216506.3509,13581.0996094
554,324759.5264,19998.6992188
555,162379.7632,61028
556,162379.7632,23488.8007813
557,162379.7632,17063.5
558,162379.7632,506294
559,162379.7632,451008
560,162379.7632,71429.6015625
561,162379.7632,28587.8007813
562,162379.7632,38010.3007813
563,162379.7632,37939.6015625
564,162379.7632,43044.3007813
565,162379.7632,24355.1992188
566,162379.7632,179745
567,162379.7632,45504.3007813
568,216506.3509,14500.4003906
569,216506.3509,35525.3984375
570,162379.7632,54683.5
573,29609.98845,6389.1699219
574,162379.7632,17126.0996094
575,324759.5264,50900.8984375
576,324759.5264,8163.8901367
577,324759.5264,11548
578,216506.3509,172792
579,216506.3509,45096.1992188
580,162379.7632,128370
581,216506.3509,21114.6992188
582,162379.7632,41602.8007813
583,216506.3509,76536.203125
584,162379.7632,36476.6992188
585,216506.3509,618571
586,162379.7632,6814280
587,216506.3509,56102.3007813
588,162379.7632,76347.703125
589,216506.3509,104290
590,162379.7632,24101.9003906
591,216506.3509,20428.4003906
592,162379.7632,28062.6992188
593,71876.23106,26194.5
595,120768.3484,9449.7900391
596,216506.3509,50825.5
597,324759.5264,12109.7998047
598,324759.5264,8478.4003906
599,216506.3509,66980.3984375
600,162379.7632,23961.5
601,162379.7632,36712.6015625
602,162379.7632,215919
603,162379.7632,79833.796875
604,162379.7632,44155.3984375
605,162379.7632,85661.8984375
606,162379.7632,37133
607,162379.7632,28438.6992188
608,162379.7632,76328.203125
609,162379.7632,20311.3007813
610,162379.7632,22766.9003906
611,162379.7632,30831.6992188
612,162379.7632,17270.9003906
613,162379.7632,82403.703125
614,143069.7285,12194700
617,13610.6507,6811.0800781
618,324759.5264,19525.5
619,649519.0528,21920.9003906
620,649519.0528,18942.6992188
621,324759.5264,29116.6992188
622,649519.0528,14161.2998047
623,324759.5264,68943.296875
624,324759.5264,25676.0996094
625,324759.5264,43609.6015625
626,324759.5264,60008.1015625
627,324759.5264,70185.6015625
628,324759.5264,102737
629,324759.5264,169473
630,324759.5264,44978.8007813
631,324759.5264,50341.5
632,324759.5264,208318
633,324759.5264,929456
634,324759.5264,49184.1015625
635,324759.5264,787147
636,324759.5264,13776.5
639,101796.7146,10667.0996094
640,216506.3509,200813
641,324759.5264,153965
642,162379.7632,26131.6992188
643,216506.351,21331.5
644,162379.7632,10227
645,162379.7632,22360.1992188
646,162379.7632,36227.6992188
647,162379.7632,21806.5996094
648,162379.7632,65637.203125
649,162379.7632,1221910
650,162379.7632,183262
651,162379.7632,1814750
652,162379.7632,144185
653,162379.7632,34835.1015625
654,162379.7632,29549.5
655,162379.7632,24140.6992188
656,162379.7632,275956
657,162379.7632,16704.5996094
658,138603.3681,67285.203125
662,160525.3438,40181
663,324759.5264,53404.8007813
664,216506.3509,77184.296875
665,216506.3509,127482
666,324759.5264,8741.9501953
667,216506.3509,18289.5
668,162379.7632,15322
669,216506.3509,70498
670,162379.7632,36539.3007813
671,216506.3509,103018
672,162379.7632,23334.8007813
673,216506.3509,143685
674,162379.7632,123664
675,216506.3509,17684.9003906
676,162379.7632,130202
677,216506.3509,15750.5
678,162379.7632,36801.8984375
679,216506.3509,210223
680,162379.7632,24772.1992188
683,5280.853628,23873.3007813
684,216506.3509,49843.3984375
685,324759.5264,15371
686,162379.7632,70231.5
687,162379.7632,21738.4003906
688,216506.3509,7258.7900391
689,216506.3509,10060.7998047
690,216506.3509,81048.5
691,162379.7632,52635.8984375
692,162379.7632,18511.1992188
693,162379.7632,656321
694,162379.7632,3755870
695,162379.7632,53646.3984375
696,162379.7632,52230.3007813
697,162379.7632,1530280
698,162379.7632,15260.2001953
699,162379.7632,15898.7001953
700,162379.7632,27155.6992188
701,162379.7632,25538.4003906
702,95579.84111,355561
706,74426.72926,74674.6015625
707,324759.5264,139483
708,162379.7632,360948
709,216506.3509,47907
710,324759.5264,7713.9902344
711,216506.3509,7378.3300781
712,324759.5264,45058.1992188
713,216506.3509,18088.5996094
714,216506.3509,10825.0996094
715,216506.3509,16858.1992188
716,162379.7632,54565.6992188
717,216506.3509,349877
718,162379.7632,27278.5
719,216506.3509,304970
720,162379.7632,14112.2001953
721,216506.3509,23935.3007813
722,162379.7632,168385
723,216506.3509,47804.1015625
724,162379.7632,136566
728,149523.3816,74861.296875
729,216506.3509,69696.1015625
730,324759.5264,15409.2998047
731,324759.5264,10765.9003906
732,324759.5264,4887.75
733,216506.3509,10294.9003906
734,216506.3509,118696
735,324759.5264,9538.6796875
736,216506.3509,10778.5
737,216506.3509,47813.3007813
738,162379.7632,271789
739,216506.3509,449794
740,162379.7632,103273
741,216506.3509,25284.6992188
742,162379.7632,94541.1015625
743,216506.3509,51117.1015625
744,162379.7632,491096
745,216506.3509,27766.0996094
746,185329.2376,41820.8007813
751,162379.7632,86970.3984375
752,324759.5264,50036.8007813
753,324759.5264,9314.5703125
754,649519.0528,5627.9902344
755,162379.7632,5493.2001953
756,216506.3509,22102.9003906
757,324759.5264,14727.9003906
758,324759.5264,13330.5
759,216506.3509,48653.1015625
760,162379.7632,21544.5
761,162379.7632,74568.1015625
762,162379.7632,50692.6015625
763,162379.7632,42733.5
764,162379.7632,70985.703125
765,162379.7632,510729
766,162379.7632,85881.1015625
767,162379.7632,46688.1992188
768,162379.7632,74312.6015625
772,79669.66809,39234.1992188
773,324759.5264,61340.3984375
774,649519.0528,15646.2998047
775,649519.0528,6065.5800781
776,649519.0528,4122.8100586
777,324759.5264,7991.3701172
778,324759.5264,21649.5
779,649519.0528,12337.7001953
780,649519.0528,161264
781,649519.0528,18148.1992188
782,324759.5264,177222
783,324759.5264,121367
784,324759.5264,38449.1015625
785,324759.5264,51392.5
786,324759.5264,16025.0996094
787,324759.5264,62436.8007813
788,324759.5264,15047.2998047
789,324759.5264,36404
790,129433.0427,2595750
795,201747.0237,34475.6015625
796,649519.0528,54358.8984375
797,649519.0528,9280.3798828
798,649519.0528,5807.3300781
799,162379.7632,4752.7202148
800,216506.3509,10939.9003906
801,324759.5264,8428.9199219
802,324759.5264,177488
803,649519.0528,47685
804,324759.5264,300965
805,162379.7632,21759.1992188
806,162379.7632,125214
807,162379.7632,39111.3007813
808,162379.7632,107729
809,162379.7632,763082
810,162379.7632,15898.5
811,162379.7632,29803.5
812,157233.1417,31274.9003906
817,324759.5264,30760
818,649519.0528,45453.8984375
819,649519.0528,9695.7998047
820,324759.5264,6388.1899414
821,216506.3509,5825.4399414
822,324759.5264,7892.7998047
823,324759.5264,11462.0996094
824,649519.0528,24378.1992188
825,649519.0528,15988.7998047
826,162379.7632,13034.5996094
827,216506.3509,33684.5
828,162379.7632,76045.203125
829,216506.3509,311513
830,162379.7632,97480.796875
831,216506.3509,45247.6992188
832,162379.7632,26508.1992188
833,216506.3509,45125.3007813
834,31626.27722,114715
839,153655.5363,273475
840,216506.3509,22346.6992188
841,324759.5264,33767.1015625
842,649519.0528,10583.4003906
843,324759.5264,6968.8198242
844,324759.5264,6226.8500977
845,324759.5264,6856.6499023
846,649519.0528,12182.2998047
847,649519.0528,22721700
848,649519.0528,205461
849,216506.3509,21235.1992188
850,162379.7632,26080.5
851,216506.351,486156
852,216506.3509,30831.8007813
853,216506.3509,63019
854,162379.7632,69733.203125
855,216506.351,54822.5
856,113093.9047,48441.1015625
861,162379.7632,28446.8007813
862,216506.3509,229010
863,324759.5264,44053.1992188
864,324759.5264,14031.9003906
865,216506.3509,6158.75
866,324759.5264,10167.5996094
867,324759.5264,10191.4003906
868,649519.0528,92011.6015625
869,649519.0528,146601
870,216506.3509,14635.4003906
871,162379.7632,81735.6015625
872,162379.7632,25668.6992188
873,162379.7632,601222
874,216506.3509,48276.5
875,162379.7632,15609.4003906
876,162379.7632,15259700
877,162379.7632,15322.2998047
883,85254.9613,2193160
884,162379.7632,100090
885,324759.5264,84287.8984375
886,649519.0528,65610.203125
887,324759.5264,11326.5996094
888,649519.0528,11775
889,649519.0528,15255.9003906
890,649519.0528,84525.3984375
891,649519.0528,24023.8007813
892,649519.0528,55204.6992188
893,216506.3509,21153
894,162379.7632,21639.4003906
895,216506.3509,25218.1992188
896,162379.7632,97953.1015625
897,216506.3509,50580.1015625
898,162379.7632,120233
899,216506.3509,31321.8007813
900,135793.3711,89560.3984375
904,53899.49587,70378.796875
905,167606.6917,58734.8984375
906,216506.3509,23799900
907,324759.5264,18015.4003906
908,324759.5264,189861
909,324759.5264,11240
910,649519.0528,71825.1015625
911,649519.0528,17058.9003906
912,649519.0528,15468.0996094
913,649519.0528,84317.8984375
914,324759.5264,13015
915,216506.3509,27834.3007813
916,162379.7632,56840.3984375
917,162379.7632,70889.6015625
918,162379.7632,851678
919,162379.7632,43929.1992188
920,162379.7632,19008.9003906
921,162379.7632,40131.8984375
922,16788.40518,30021.5
927,31086.62725,398971
928,324759.5264,14960.4003906
929,649519.0528,40434.1015625
930,649519.0528,15009.2998047
931,324759.5264,23772.6992188
932,649519.0528,64977.1992188
933,649519.0528,182428
934,649519.0528,76007.8984375
935,649519.0528,22280.5996094
936,649519.0528,322964
937,649519.0528,32421.1992188
938,324759.5264,14514.4003906
939,324759.5264,4390850
940,324759.5264,14849.9003906
941,324759.5264,78498.8984375
942,324759.5264,41620.3984375
943,324759.5264,52413.3007813
944,240066.8196,38940.3984375
948,74027.49748,15077
949,158129.6612,11456.2998047
950,324759.5264,22283.5996094
951,649519.0528,9630.0703125
952,324759.5264,28237.6992188
953,216506.3509,131875
954,649519.0528,53455.1015625
955,324759.5264,67731.6015625
956,649519.0528,15164.5996094
957,649519.0528,73882.3984375
958,324759.5264,276997
959,324759.5264,31287.8007813
960,162379.7632,36128.8984375
961,162379.7632,63076.3007813
962,162379.7632,14596
963,216506.3509,76364.703125
964,162379.7632,320621
965,162379.7632,31454.5996094
971,114329.6718,8647.5595703
972,153068.7443,9021.6103516
973,649519.0528,27099.4003906
974,649519.0528,8260.5996094
975,216506.3509,25990.6992188
976,649519.0528,20042.9003906
977,324759.5264,27673.5996094
978,324759.5264,104587
979,649519.0528,30807.6992188
980,324759.5264,70021.703125
981,324759.5264,39784.3007813
982,162379.7632,96167.8984375
983,216506.3509,223561
984,162379.7632,33884.1015625
985,216506.3509,15187.7998047
986,216506.3509,16586.8007813
987,212668.0267,27977.9003906
988,66536.96004,27468
992,90946.26013,6970.6401367
993,22302.14234,5221.3398438
994,211698.4945,25540.5996094
995,649519.0528,15889.5996094
996,649519.0528,9267.8798828
997,324759.5264,13616.9003906
998,649519.0528,271698
999,216506.3509,55038
1000,216506.3509,211432
1001,216506.3509,26193.0996094
1002,216506.3509,20666.6992188
1003,216506.3509,47859.3007813
1004,162379.7632,22500.9003906
1005,162379.7632,27711.4003906
1006,216506.3509,14240.5996094
1007,324759.5264,141475
1008,157559.1015,50015.3984375
1009,143080.8645,66603.203125
1015,216506.3509,5154.2202148
1016,11049.15981,9691.2304688
1017,649519.0528,91945.5
1018,649519.0528,12436.4003906
1019,324759.5264,8036.6801758
1020,649519.0528,13017.9003906
1021,324759.5264,125264
1022,162379.7632,31778.0996094
1023,216506.3509,103006
1024,162379.7632,215055
1025,324759.5264,81957.296875
1026,162379.7632,148035
1027,216506.3509,48480.6015625
1028,162379.7632,173163
1029,324759.5264,21223.3007813
1030,216506.3509,16489.5996094
1031,5284.129341,194429
1032,80093.8125,91452.203125
1036,63630.06677,4260.6098633
1037,146799.4383,4622.9301758
1038,322077.0107,13310
1039,649519.0528,51228.6015625
1040,324759.5264,6534.8300781
1041,216506.3509,6267.0400391
1042,649519.0528,12520.2001953
1043,216506.3509,142485
1044,162379.7632,51344.6015625
1045,162379.7632,14217.5996094
1046,162379.7632,28161.3007813
1047,162379.7632,15379.9003906
1048,162379.7632,24412.5996094
1049,162379.7632,33803.1992188
1050,162379.7632,264704
1051,162379.7632,158494
1052,146102.2303,40296.5
1053,23643.43162,61409.6015625
1059,216506.3509,3574.7099609
1060,143929.1389,6101.8999023
1061,649519.0528,13672.2998047
1062,649519.0528,10084.7998047
1063,216506.3509,4763.25
1064,649519.0528,7039.9399414
1065,324759.5264,13510.5996094
1066,162379.7632,67432.203125
1067,216506.3509,280128
1068,162379.7632,22311.0996094
1069,216506.3509,47659.8984375
1070,162379.7632,24210.8007813
1071,216506.3509,88295.5
1072,162379.7632,136713
1073,216506.3509,45485.3984375
1074,161498.4189,25477.4003906
1076,64488.43267,15780.7998047
1080,67469.63567,3168.9399414
1081,324759.5264,4024.0100098
1082,649519.0528,7188.9799805
1083,649519.0528,9428.9804688
1084,324759.5264,5400.7700195
1085,324759.5264,4528.9599609
1086,649519.0528,6828.7797852
1087,324759.5264,106829
1088,324759.5264,254612
1089,324759.5264,32397.3007813
1090,324759.5264,153228
1091,324759.5264,92197.203125
1092,324759.5264,77272.3984375
1093,324759.5264,41971.3007813
1094,324759.5264,56470.6992188
1095,324759.5264,57149.3007813
1096,33735.55975,111693
1097,94246.80813,9932.6103516
1103,161339.9941,2986.3500977
1104,324759.5264,4591.6899414
1105,649519.0528,6260.2998047
1106,649519.0528,5954.9902344
1107,162379.7632,4181.7998047
1108,324759.5264,5159.7700195
1109,162379.7632,16640
1110,162379.7632,20389.0996094
1111,162379.7632,246805
1112,162379.7632,1813750
1113,162379.7632,136549
1114,162379.7632,409476
1115,162379.7632,35003.6015625
1116,162379.7632,41445.6015625
1117,162379.7632,49846.1015625
1118,138978.0435,123519
1120,29197.5652,7438.1401367
1124,13541.0962,2468.6499023
1125,216506.3509,3324.6298828
1126,649519.0528,4610.4199219
1127,649519.0528,5190.7099609
1128,216506.3509,4655.3598633
1129,216506.3509,5974.5
1130,216506.3509,9035.5195313
1131,216506.3509,77865.796875
1132,162379.7632,49158.6015625
1133,216506.3509,28640.8007813
1134,162379.7632,38378.1992188
1135,216506.3509,38440.1015625
1136,162379.7632,68996
1137,216506.3509,44626.3984375
1138,162379.7632,40889.1992188
1139,216506.3509,81682.703125
1140,7778.454507,16538.4003906
1141,175063.0804,5538.8598633
1147,118616.986,2666.5700684
1148,649519.0528,3459.25
1149,649519.0528,4059.4699707
1150,324759.5264,5455.8300781
1151,216506.3509,5805.5
1152,324759.5264,8498.1396484
1153,216506.3509,23948.9003906
1154,162379.7632,11978.5
1155,216506.3509,72398.5
1156,162379.7632,990146
1157,216506.3509,24978
1158,162379.7632,45859.1992188
1159,216506.3509,252088
1160,162379.7632,40889.1992188
1161,216506.3509,15828.0996094
1162,90817.89308,61085.3984375
1164,14615.88412,4937.7797852
1169,216506.3509,2729.8898926
1170,649519.0528,3338.6799316
1171,649519.0528,5266.8901367
1172,162379.7632,7791
1173,216506.3509,11179.0996094
1174,216506.3509,8902.2998047
1175,162379.7632,56876.8984375
1176,162379.7632,40974.3984375
1177,162379.7632,72530.1015625
1178,162379.7632,18713.5
1179,162379.7632,65729.296875
1180,162379.7632,609794
1181,162379.7632,94440
1182,162379.7632,10415.0996094
1183,162379.7632,64268.1015625
1191,64056.8942,2348.2800293
1192,324759.5264,2734.4299316
1193,649519.0528,4323.2797852
1194,324759.5264,9354.3398438
1195,649519.0528,8355.7197266
1196,324759.5264,28482.4003906
1197,216506.3509,32088.8007813
1198,162379.7632,11891.0996094
1199,216506.3509,23444.5
1200,162379.7632,376376
1201,216506.3509,62135.8007813
1202,162379.7632,138112
1203,216506.3509,25131.1992188
1204,162379.7632,105212
1205,216506.3509,14726.0996094
1206,76003.63661,24067.3007813
1213,162379.7632,2277.6101074
1214,649519.0528,3410.8500977
1215,324759.5264,6838.7900391
1216,324759.5264,23522.0996094
1217,649519.0528,18293.9003906
1218,162379.7632,17888.5
1219,162379.7632,27053.3007813
1220,162379.7632,33634.8984375
1221,162379.7632,53896.8007813
1222,162379.7632,118845
1223,162379.7632,165782
1224,162379.7632,436625
1225,162379.7632,389025
1226,162379.7632,16847.3007813
1227,126360.4241,480257
1235,31393.3639,2061.7299805
1236,216506.3509,2737.8300781
1237,324759.5264,4645.6298828
1238,649519.0528,15319.5996094
1239,649519.0528,22191.1992188
1240,649519.0528,42591.8007813
1241,216506.3509,67678.6015625
1242,162379.7632,13511.0996094
1243,216506.3509,418565
1244,162379.7632,383032
1245,216506.3509,61099.3984375
1246,162379.7632,14025.7998047
1247,216506.3509,18710.5
1248,162379.7632,40737
1249,207204.3206,246103
1250,4971.065381,76060.1015625
1257,151668.615,2274.7099609
1258,649519.0528,3414.1499023
1259,324759.5264,6914.2001953
1260,324759.5264,68429.8984375
1261,649519.0528,12773.7998047
1262,324759.5264,23601.3007813
1263,162379.7632,130590
1264,162379.7632,2441680
1265,162379.7632,351841
1266,162379.7632,26454
1267,162379.7632,117399
1268,162379.7632,50219.1015625
1269,162379.7632,153611
1270,162379.7632,66791.703125
1271,62114.60224,78123
1272,118113.7917,7355.7001953
1279,444.2441455,2112.8601074
1280,324759.5264,2675.75
1281,324759.5264,4372.6899414
1282,649519.0528,10117.4003906
1283,649519.0528,148420
1284,649519.0528,33419.5
1285,324759.5264,26766.4003906
1286,324759.5264,196872
1287,324759.5264,16720.0996094
1288,324759.5264,796057
1289,324759.5264,657603
1290,324759.5264,114054
1291,324759.5264,43600.3007813
1292,324759.5264,23724.0996094
1293,324759.5264,27773.3007813
1294,124605.8867,9583.9599609
1301,201702.2607,2259.3100586
1302,324759.5264,3183.3200684
1303,324759.5264,5450.8901367
1304,324759.5264,11874.0996094
1305,649519.0528,120456
1306,649519.0528,103509
1307,324759.5264,20081.5996094
1308,162379.7632,13696.2001953
1309,162379.7632,133861
1310,162379.7632,169577
1311,162379.7632,119379
1312,162379.7632,105088
1313,162379.7632,17716.0996094
1314,162379.7632,39034.6015625
1315,85775.79844,31048.4003906
1316,90784.08617,6430.1000977
1324,159502.9924,2501.8999023
1325,649519.0528,3713.6398926
1326,324759.5264,6211.4101563
1327,649519.0528,15280
1328,649519.0528,26296.0996094
1329,649519.0528,15329.0996094
1330,162379.7632,11280.0996094
1331,216506.3509,12982.2998047
1332,162379.7632,33921.8984375
1333,216506.3509,105291
1334,162379.7632,52945.8007813
1335,193417.8174,1740560
1336,162379.7632,106049
1337,204075.971,23106.5996094
1338,84713.1886,7361.7797852
1345,62187.96311,2190.8000488
1346,216506.3509,2813.1101074
1347,649519.0528,4106.4199219
1348,216506.3509,6852.1601563
1349,649519.0528,15486
1350,649519.0528,1133290
1351,324759.5264,7569.4501953
1352,162379.7632,12902.7998047
1353,162379.7632,14068.7001953
1354,162379.7632,35163.3007813
1355,162379.7632,112304
1356,113617.1371,2513440
1357,106086.7276,146284
1358,162379.7632,52629.1992188
1359,16698.61444,14865.5996094
1360,129.4967969,5919.6298828
1368,40097.91898,2460.8000488
1369,649519.0528,3059.4399414
1370,216506.3509,4362.0800781
1371,649519.0528,7344.6201172
1372,649519.0528,19168
1373,324759.5264,11499.2001953
1374,162379.7632,12222.5
1375,216506.3509,20885.5
1376,162379.7632,22458.8007813
1377,216506.3509,17390.8007813
1378,80792.93129,133736
1379,55606.60494,49446.1992188
1380,162379.7632,2255390
1381,47623.13394,24195.9003906
1390,71489.65527,2505.2199707
1391,324759.5264,3229.6899414
1392,162379.7632,4803.4902344
1393,324759.5264,14208.7998047
1394,216506.3509,94399.203125
1395,216506.3509,10695.7001953
1396,162379.7632,166479
1397,216506.3509,21517.3007813
1398,162379.7632,16639.5996094
1399,216506.3509,174361
1400,84694.56455,73623
1401,121330.6384,129790
1402,144367.1882,54004.1992188
1403,6911.065705,9286.9199219
1413,216506.3509,2563.3000488
1414,216506.3509,3597.4899902
1415,216506.3509,7813.0200195
1416,216506.3509,321084
1417,162379.7632,10863.9003906
1418,162379.7632,77802.203125
1419,162379.7632,105635
1420,162379.7632,23147.0996094
1421,162379.7632,49378.6992188
1422,35715.33146,65428.3007813
1423,81140.41961,80868.703125
1424,35344.2891,709878
1425,91351.9678,17712.6992188
1434,68128.57871,2257.8701172
1435,324759.5264,2814.9799805
1436,324759.5264,4833.1000977
1437,324759.5264,15034.7998047
1438,324759.5264,18677.0996094
1439,324759.5264,12642.5
1440,324759.5264,32103.5996094
1441,324759.5264,88871
1442,324759.5264,49749.6992188
1443,308586.4948,113884
1444,58826.99635,44405.5
1445,47763.12813,19431.9003906
1446,50609.6913,295051
1447,163756.3704,13390.9003906
1457,124527.281,2338.8000488
1458,216506.3509,3445.4299316
1459,216506.3509,6543.8500977
1460,216506.3509,12060.7998047
1461,216506.3509,7461.3901367
1462,324759.5264,21108.1992188
1463,162379.7632,13842.7001953
1464,162379.7632,80964.796875
1465,162379.7632,31211
1466,28698.33639,48695.1015625
1467,87123.30357,56319.3984375
1468,49405.34652,58665.3007813
1469,162073.0118,234991
1479,216506.3509,2666.2600098
1480,162379.7632,4178.25
1481,324759.5264,7274.9702148
1482,216506.3509,7475.3500977
1483,324759.5264,9346.9003906
1484,216506.3509,86151.6015625
1485,216506.3509,20444.8007813
1486,162379.7632,38930.3007813
1487,67285.03348,56695
1488,22988.52963,224841
1489,155398.2245,28709.5
1490,17130.93036,41904.8007813
1491,29129.02026,24176
1501,47597.47143,2303.7099609
1502,160650.8261,3150.2700195
1503,649519.0528,4697.2099609
1504,649519.0528,5916.5297852
1505,649519.0528,5761.8100586
1506,649519.0528,42446.1015625
1507,216506.351,279876
1508,118080.7068,108427
1509,159416.6924,120501
1510,63147.94716,110201
1512,112137.0927,142377
1513,245894.9195,41199.6015625
1523,105212.5114,2400.8200684
1524,216506.3509,3395.1599121
1525,649519.0528,4547.0898438
1526,649519.0528,4609.8198242
1527,649519.0528,9302.75
1528,216506.3509,20944
1529,89702.41287,242181
1530,154117.3506,185058
1531,37698.41743,2051250
1533,40221.95357,20333.4003906
1534,154464.7327,39800.6015625
1535,5050.499084,21069.3007813
1545,3775.197594,2174.0300293
1546,66820.48688,2751.5200195
1547,649519.0528,3485.9099121
1548,649519.0528,3915.2199707
1549,649519.0528,5160.1699219
1550,649519.0528,11188.4003906
1551,216506.3509,930282
1552,60420.76745,136489
1553,267602.0991,38008.1992188
1554,57920.13124,826025
1556,153101.7864,41908.1992188
1557,288963.1862,711337
1567,10787.96378,2180.9099121
1568,324759.5264,2760.5500488
1569,649519.0528,3285.0300293
1570,649519.0528,3567.8898926
1571,649519.0528,6144.2597656
1572,216506.3509,16914.5996094
1573,162379.7632,37706.1015625
1574,115063.7729,243237
1575,12089.05062,46673.1015625
1577,24110.55969,13731.9003906
1578,33235.79458,37157.1015625
1579,12348.5896,64787.8984375
1590,114604.5883,2304.6101074
1591,649519.0528,2729.1000977
1592,649519.0528,2924.7199707
1593,649519.0528,4082.8601074
1594,649519.0528,7019.0800781
1595,324759.5264,38061.3007813
1596,213495.5912,38058.1015625
1597,97694.67434,115814
1598,91756.77585,67752.5
1600,106596.5932,13239.0996094
1601,233931.6349,21726.8007813
1611,162.0254248,2032.5200195
1612,162379.7632,2289.9799805
1613,324759.5264,2566.3400879
1614,649519.0528,3036.0400391
1615,649519.0528,4381.3901367
1616,216506.3509,12081.7001953
1617,120913.7862,1404690
1618,2452.305054,19225.4003906
1619,13768.23575,1504120
1623,5198.989636,11222.2001953
1634,95737.77221,2034.3399658
1635,324759.5264,2229.1899414
1636,324759.5264,2411.2900391
1637,649519.0528,3379.9899902
1638,649519.0528,6794.3798828
1639,216506.3509,223901
1640,32714.81897,18011.6992188
1641,157702.8861,58326.8984375
1656,87661.6185,1946.8199463
1657,271310.7001,2125.5400391
1658,216506.351,2814.8200684
1659,324759.5264,4653.7299805
1660,216506.3509,14144.5996094
1661,78388.05119,81786
1662,20390.40991,82363.203125
1663,108951.3239,173723
1678,49154.77812,1757.3599854
1679,61518.22895,1959.9000244
1680,110409.7235,2427.7299805
1681,294591.9837,3688.8000488
1682,649519.0528,7705.3398438
1683,216506.3509,349978
1684,39507.796,17871.9003906
1685,121339.6436,3124660
1700,37918.58354,1766.5600586
1701,34983.6284,2125.6699219
1702,108196.7055,2986.3200684
1703,126012.2453,5410.9799805
1704,162379.7632,22436.4003906
1705,76557.7438,17722.4003906
1706,45129.0641,114606
1707,34514.62853,75234.703125
1725,1595.576252,4703.6098633
1726,216506.3509,9952.7597656
1727,83424.86792,54892.3007813
1729,32305.22673,20787.4003906
1747,148729.7294,6725.0600586
1748,265826.7548,58559.6992188
1770,43910.42383,9389.75
1771,38726.44341,27418.4003906
1792,1159.972674,17708.3007813
